{"sections":{"main":{"type":"main-article","blocks":{"featured_image":{"type":"featured_image","settings":{"image_height":"small"}},"title":{"type":"title","settings":{"blog_show_date":true,"blog_show_author":true}},"share":{"type":"share","settings":{"share_label":"Share"}},"content":{"type":"content","settings":{}}},"block_order":["featured_image","title","share","content"],"settings":{}},"297257aa-88f7-4369-b63a-6b13107591fe":{"type":"featured-collection","settings":{"title":"Newest Products","heading_size":"h2","description":"","show_description":true,"description_style":"body","collection":"new-arrivals","products_to_show":4,"columns_desktop":4,"full_width":false,"show_view_all":false,"view_all_style":"solid","enable_desktop_slider":true,"color_scheme":"","image_ratio":"adapt","image_shape":"default","show_secondary_image":true,"show_vendor":false,"show_rating":false,"enable_quick_add":false,"columns_mobile":"2","swipe_on_mobile":false,"padding_top":36,"padding_bottom":36}},"9ecd1b5c-5427-480c-bcdb-b20bb0352a07":{"type":"newsletter","blocks":{"template--16020717600949__9ecd1b5c-5427-480c-bcdb-b20bb0352a07-heading-1":{"type":"heading","settings":{"heading":"Subscribe to our newsletter","heading_size":"h2"}},"template--16020717600949__9ecd1b5c-5427-480c-bcdb-b20bb0352a07-paragraph-1":{"type":"paragraph","settings":{"text":"<p>Signup for our newsletter to stay up to date on sales and events.<\/p>"}},"template--16020717600949__9ecd1b5c-5427-480c-bcdb-b20bb0352a07-email_form-1":{"type":"email_form","settings":{}}},"block_order":["template--16020717600949__9ecd1b5c-5427-480c-bcdb-b20bb0352a07-heading-1","template--16020717600949__9ecd1b5c-5427-480c-bcdb-b20bb0352a07-paragraph-1","template--16020717600949__9ecd1b5c-5427-480c-bcdb-b20bb0352a07-email_form-1"],"settings":{"color_scheme":"","full_width":true,"padding_top":40,"padding_bottom":52}}},"order":["main","297257aa-88f7-4369-b63a-6b13107591fe","9ecd1b5c-5427-480c-bcdb-b20bb0352a07"]}