{"sections":{"708d5cd2-e1ac-44de-9790-e5cdb0521f82":{"type":"slideshow","blocks":{"template--16020717699253__708d5cd2-e1ac-44de-9790-e5cdb0521f82-slide-1":{"type":"slide","settings":{"image":"shopify:\/\/shop_images\/Slider1.webp","heading":"STEP INTO SUMMER","heading_size":"h2","subheading":"A LOOK AT OUR FRESHEST MINDS","button_label":"SHOP SUMMER","link":"shopify:\/\/collections\/new-arrivals","button_style_secondary":false,"box_align":"middle-center","show_text_box":true,"text_alignment":"center","image_overlay_opacity":0,"color_scheme":"background-2","text_alignment_mobile":"center"}},"template--16020717699253__708d5cd2-e1ac-44de-9790-e5cdb0521f82-slide-2":{"type":"slide","settings":{"image":"shopify:\/\/shop_images\/Slider2.webp","heading":"NEW PRINTS & PATTERNS","heading_size":"h2","subheading":"SEE THE FULL RANGE","button_label":"SHOP PATTERNS","link":"shopify:\/\/products\/harper-playsuit","button_style_secondary":false,"box_align":"middle-center","show_text_box":true,"text_alignment":"center","image_overlay_opacity":0,"color_scheme":"","text_alignment_mobile":"center"}}},"block_order":["template--16020717699253__708d5cd2-e1ac-44de-9790-e5cdb0521f82-slide-1","template--16020717699253__708d5cd2-e1ac-44de-9790-e5cdb0521f82-slide-2"],"settings":{"layout":"full_bleed","slide_height":"large","slider_visual":"dots","auto_rotate":false,"change_slides_speed":5,"image_behavior":"none","show_text_below":true,"accessibility_info":""}},"3b7e875b-a05e-46c3-a7b5-07637a26368e":{"type":"collection-list","blocks":{"template--16020717699253__3b7e875b-a05e-46c3-a7b5-07637a26368e-featured_collection-1":{"type":"featured_collection","settings":{"collection":"new-arrivals"}},"template--16020717699253__3b7e875b-a05e-46c3-a7b5-07637a26368e-featured_collection-2":{"type":"featured_collection","settings":{"collection":"soriee-ready"}},"template--16020717699253__3b7e875b-a05e-46c3-a7b5-07637a26368e-featured_collection-3":{"type":"featured_collection","settings":{"collection":"accessories"}}},"block_order":["template--16020717699253__3b7e875b-a05e-46c3-a7b5-07637a26368e-featured_collection-1","template--16020717699253__3b7e875b-a05e-46c3-a7b5-07637a26368e-featured_collection-2","template--16020717699253__3b7e875b-a05e-46c3-a7b5-07637a26368e-featured_collection-3"],"settings":{"title":"","heading_size":"h2","image_ratio":"adapt","columns_desktop":3,"color_scheme":"","show_view_all":false,"columns_mobile":"1","swipe_on_mobile":false,"padding_top":24,"padding_bottom":24}},"featured_collection":{"type":"featured-collection","custom_css":[],"settings":{"title":"NEW LOOKS","heading_size":"h2","description":"","show_description":false,"description_style":"body","collection":"all","products_to_show":4,"columns_desktop":4,"full_width":false,"show_view_all":true,"view_all_style":"solid","enable_desktop_slider":false,"color_scheme":"background-1","image_ratio":"adapt","image_shape":"default","show_secondary_image":true,"show_vendor":false,"show_rating":false,"enable_quick_add":false,"columns_mobile":"2","swipe_on_mobile":false,"padding_top":44,"padding_bottom":36}},"0dfa8edd-1715-4d95-af7c-ed813ec5dadb":{"type":"rich-text","blocks":{"template--16020717699253__0dfa8edd-1715-4d95-af7c-ed813ec5dadb-heading-1":{"type":"heading","settings":{"heading":"Talk about your brand","heading_size":"h1"}},"template--16020717699253__0dfa8edd-1715-4d95-af7c-ed813ec5dadb-text-1":{"type":"text","settings":{"text":"<p>Share information about your brand with your customers. Describe a product, make announcements, or welcome customers to your store.<\/p>"}},"template--16020717699253__0dfa8edd-1715-4d95-af7c-ed813ec5dadb-button-1":{"type":"button","settings":{"button_label":"Button label","button_link":"","button_style_secondary":false,"button_label_2":"","button_link_2":"","button_style_secondary_2":false}}},"block_order":["template--16020717699253__0dfa8edd-1715-4d95-af7c-ed813ec5dadb-heading-1","template--16020717699253__0dfa8edd-1715-4d95-af7c-ed813ec5dadb-text-1","template--16020717699253__0dfa8edd-1715-4d95-af7c-ed813ec5dadb-button-1"],"disabled":true,"settings":{"desktop_content_position":"center","content_alignment":"center","color_scheme":"accent-1","full_width":true,"padding_top":40,"padding_bottom":52}}},"order":["708d5cd2-e1ac-44de-9790-e5cdb0521f82","3b7e875b-a05e-46c3-a7b5-07637a26368e","featured_collection","0dfa8edd-1715-4d95-af7c-ed813ec5dadb"]}