{"name":"t:sections.footer.name","type":"footer","sections":{"footer":{"type":"footer","blocks":{"79272bb2-1350-45fa-95f5-b43a6c33bd3d":{"type":"link_list","settings":{"heading":"Quick links","menu":"footer"}},"a20fe10c-6e80-423e-b311-bd98efb316c2":{"type":"link_list","settings":{"heading":"Quick links","menu":"footer"}},"ad6f60a3-a961-4e2a-a00d-e14f64c91b47":{"type":"brand_information","settings":{"show_social":false}},"2d43bef0-b51c-4cf6-82fd-748745600927":{"type":"text","settings":{"heading":"Heading","subtext":"<p>Share contact information, store details, and brand content with your customers.<\/p>"}}},"block_order":["79272bb2-1350-45fa-95f5-b43a6c33bd3d","a20fe10c-6e80-423e-b311-bd98efb316c2","ad6f60a3-a961-4e2a-a00d-e14f64c91b47","2d43bef0-b51c-4cf6-82fd-748745600927"],"settings":{"color_scheme":"background-1","newsletter_enable":false,"newsletter_heading":"Subscribe to our emails","enable_follow_on_shop":true,"show_social":true,"enable_country_selector":true,"enable_language_selector":true,"payment_enable":true,"show_policy":false,"margin_top":0,"padding_top":36,"padding_bottom":36}}},"order":["footer"]}